Model,MAE,RMSE,R2,FeatureSet
Linear Regression,0.07151,0.09566,-0.4813,Text-only
Ridge,0.0701,0.09404,-0.4315,Text-only
Lasso,0.05617,0.07929,-0.0177,Text-only
Elastic Net,0.05743,0.08074,-0.0553,Text-only
SVR,0.0616,0.08385,-0.1382,Text-only
KNN,0.05838,0.08209,-0.0908,Text-only
Random Forest,0.05572,0.07906,-0.0119,Text-only
XGBoost,0.05619,0.07842,0.0046,Text-only
MLP,0.15827,0.20642,-5.8977,Text-only
Linear Regression,0.0,0.0,1.0,Finance-only
Ridge,3e-05,4e-05,1.0,Finance-only
Lasso,0.00105,0.0015,0.9996,Finance-only
Elastic Net,0.00055,0.00079,0.9999,Finance-only
SVR,0.03052,0.05162,0.5687,Finance-only
KNN,0.02964,0.0417,0.7185,Finance-only
Random Forest,0.00361,0.01004,0.9837,Finance-only
XGBoost,0.00424,0.01056,0.9819,Finance-only
MLP,0.02953,0.04177,0.7176,Finance-only
Linear Regression,0.0,0.0,1.0,Fusion
Ridge,6e-05,8e-05,1.0,Fusion
Lasso,0.00105,0.0015,0.9996,Fusion
Elastic Net,0.00055,0.00079,0.9999,Fusion
SVR,0.04637,0.06331,0.3512,Fusion
KNN,0.05727,0.08005,-0.0375,Fusion
Random Forest,0.00484,0.01197,0.9768,Fusion
XGBoost,0.00396,0.00918,0.9864,Fusion
MLP,0.17089,0.21423,-6.4292,Fusion
