Model,Accuracy,F1,ROC-AUC,FeatureSet
Logistic Regression,0.5478,0.5487,0.5668,Text-only
Ridge Logistic,0.5359,0.5349,0.5443,Text-only
Random Forest,0.5578,0.556,0.5484,Text-only
XGBoost,0.5279,0.5434,0.5283,Text-only
MLP,0.504,0.4551,0.4994,Text-only
DNN,0.5359,0.5095,0.5312,Text-only
Logistic Regression,0.99,0.9899,0.9998,Finance-only
Ridge Logistic,0.99,0.9899,0.9997,Finance-only
Random Forest,0.9582,0.9571,0.997,Finance-only
XGBoost,0.9781,0.9779,0.9983,Finance-only
MLP,0.9861,0.9859,0.9987,Finance-only
DNN,0.9721,0.9722,0.9961,Finance-only
Logistic Regression,0.8665,0.863,0.9466,Fusion
Ridge Logistic,0.8606,0.8529,0.9449,Fusion
Random Forest,0.8008,0.7951,0.8838,Fusion
XGBoost,0.9761,0.9757,0.9982,Fusion
MLP,0.6932,0.6844,0.7913,Fusion
DNN,0.7908,0.7712,0.888,Fusion
