Model,MAE,RMSE,R2,FeatureSet
Linear Regression,0.06965,0.09102,-0.341,Text-only CLEAN
Ridge,0.06807,0.08933,-0.2918,Text-only CLEAN
Lasso,0.05616,0.07887,-0.0069,Text-only CLEAN
Random Forest,0.05647,0.07988,-0.0329,Text-only CLEAN
XGBoost,0.05618,0.07883,-0.0059,Text-only CLEAN
MLP,0.1987,0.25133,-9.2255,Text-only CLEAN
DNN,0.05693,0.08123,-0.0683,Text-only CLEAN
Linear Regression,0.05548,0.07902,-0.0107,Finance-only CLEAN
Ridge,0.05548,0.07902,-0.0107,Finance-only CLEAN
Lasso,0.05533,0.07884,-0.0063,Finance-only CLEAN
Random Forest,0.05858,0.08129,-0.0698,Finance-only CLEAN
XGBoost,0.05831,0.08132,-0.0704,Finance-only CLEAN
MLP,0.07091,0.09972,-0.6097,Finance-only CLEAN
DNN,0.05571,0.07953,-0.024,Finance-only CLEAN
Linear Regression,0.07027,0.09176,-0.3631,Fusion CLEAN
Ridge,0.06866,0.08998,-0.3105,Fusion CLEAN
Lasso,0.05677,0.07944,-0.0215,Fusion CLEAN
Random Forest,0.05581,0.07881,-0.0055,Fusion CLEAN
XGBoost,0.05603,0.07863,-0.0009,Fusion CLEAN
MLP,0.2061,0.26675,-10.5186,Fusion CLEAN
DNN,0.0592,0.08143,-0.0735,Fusion CLEAN
