Model,MAE,RMSE,R2,FeatureSet
Linear Regression,0.06965,0.09102,-0.341,Text-only
Ridge,0.06807,0.08933,-0.2918,Text-only
Lasso,0.05616,0.07887,-0.0069,Text-only
Random Forest,0.05647,0.07988,-0.0329,Text-only
XGBoost,0.05618,0.07883,-0.0059,Text-only
MLP,0.1987,0.25133,-9.2255,Text-only
DNN,0.05959,0.08329,-0.1229,Text-only
Linear Regression,0.0,0.0,1.0,Finance-only
Ridge,3e-05,4e-05,1.0,Finance-only
Lasso,0.00105,0.0015,0.9996,Finance-only
Random Forest,0.00358,0.00965,0.9849,Finance-only
XGBoost,0.0041,0.01095,0.9806,Finance-only
MLP,0.03586,0.05254,0.5531,Finance-only
DNN,0.01081,0.0146,0.9655,Finance-only
Linear Regression,0.0,0.0,1.0,Fusion
Ridge,8e-05,0.0001,1.0,Fusion
Lasso,0.00105,0.0015,0.9996,Fusion
Random Forest,0.00517,0.01252,0.9746,Fusion
XGBoost,0.00397,0.00927,0.9861,Fusion
MLP,0.20761,0.26657,-10.5029,Fusion
DNN,0.02454,0.0324,0.83,Fusion
