Model,Accuracy,F1,ROC-AUC,FeatureSet
Logistic Regression,0.5556,0.5556,0.5031,Text-only
Ridge Logistic,0.5278,0.5405,0.5125,Text-only
Random Forest,0.5278,0.4848,0.5406,Text-only
XGBoost,0.5833,0.5714,0.5625,Text-only
MLP,0.6111,0.5882,0.5,Text-only
Logistic Regression,0.9444,0.9333,0.9906,Finance-only
Ridge Logistic,0.9167,0.9032,0.9813,Finance-only
Random Forest,0.8611,0.8387,0.9594,Finance-only
XGBoost,0.8611,0.8485,0.9688,Finance-only
MLP,0.9167,0.9091,0.975,Finance-only
Logistic Regression,0.6389,0.6286,0.7313,Fusion
Ridge Logistic,0.6944,0.6857,0.7156,Fusion
Random Forest,0.6389,0.5517,0.6937,Fusion
XGBoost,0.8611,0.8485,0.9719,Fusion
MLP,0.5833,0.5455,0.5719,Fusion
