Model,MAE,RMSE,R2,FeatureSet
Linear Regression,0.07541,0.10949,-0.9375,Text-only
Ridge,0.07492,0.10894,-0.9179,Text-only
Lasso,0.0722,0.10159,-0.6679,Text-only
Random Forest,0.04915,0.08313,-0.117,Text-only
XGBoost,0.05208,0.08365,-0.1308,Text-only
MLP,0.3103,0.41479,-26.8063,Text-only
Linear Regression,0.0,0.0,1.0,Finance-only
Ridge,0.00054,0.00085,0.9999,Finance-only
Lasso,0.00119,0.00187,0.9994,Finance-only
Random Forest,0.02015,0.0388,0.7568,Finance-only
XGBoost,0.01172,0.02357,0.9102,Finance-only
MLP,0.06469,0.08177,-0.0805,Finance-only
Linear Regression,0.0274,0.03844,0.7612,Fusion
Ridge,0.02767,0.03895,0.7548,Fusion
Lasso,0.00119,0.00187,0.9994,Fusion
Random Forest,0.02309,0.04494,0.6735,Fusion
XGBoost,0.0139,0.02985,0.856,Fusion
MLP,0.23975,0.28702,-12.3139,Fusion
