Model,Accuracy,F1,ROC-AUC,FeatureSet
Logistic Regression,0.504,0.5108,0.5134,Text-only
Ridge Logistic,0.5239,0.5286,0.5205,Text-only
Elastic Net Logistic,0.5239,0.5267,0.5161,Text-only
SVM,0.5339,0.5634,0.5379,Text-only
KNN,0.506,0.5474,0.5021,Text-only
Random Forest,0.51,0.5305,0.5284,Text-only
XGBoost,0.5279,0.5325,0.5238,Text-only
MLP,0.5219,0.4872,0.5209,Text-only
Logistic Regression,0.99,0.9899,0.9998,Finance-only
Ridge Logistic,0.99,0.9899,0.9997,Finance-only
Elastic Net Logistic,0.99,0.9899,0.9999,Finance-only
SVM,0.9622,0.9624,0.9954,Finance-only
KNN,0.7988,0.8091,0.8943,Finance-only
Random Forest,0.9582,0.9572,0.9965,Finance-only
XGBoost,0.9781,0.9779,0.9986,Finance-only
MLP,0.99,0.9899,0.9991,Finance-only
Logistic Regression,0.9124,0.9113,0.9781,Fusion
Ridge Logistic,0.9084,0.9073,0.9791,Fusion
Elastic Net Logistic,0.9422,0.9412,0.9881,Fusion
SVM,0.7131,0.7097,0.796,Fusion
KNN,0.5378,0.5812,0.5315,Fusion
Random Forest,0.8406,0.8347,0.923,Fusion
XGBoost,0.9741,0.9737,0.9979,Fusion
MLP,0.8406,0.8413,0.9145,Fusion
